{"cameraMode":{"drawMode":0,"name":"Shaded","section":"Shading Mode"},"sceneLighting":true,"audioPlay":false,"sceneViewState":{"showFog":true,"showMaterialUpdate":false,"showSkybox":true,"showFlares":true,"showImageEffects":true,"showParticleSystems":true},"in2DMode":false,"pivot":{"x":-2.33455753326416,"y":-0.21365761756896974,"z":2.1306560039520265},"rotation":{"x":0.26430535316467287,"y":-0.3395521342754364,"z":0.1000303402543068,"w":0.897145688533783},"size":3.337404489517212,"orthographic":false}