{"cameraMode":{"drawMode":0,"name":"Shaded","section":"Shading Mode"},"sceneLighting":false,"audioPlay":false,"sceneViewState":{"showFog":true,"showMaterialUpdate":false,"showSkybox":false,"showFlares":true,"showImageEffects":true,"showParticleSystems":true},"in2DMode":false,"pivot":{"x":-1.3353720903396607,"y":0.0,"z":-0.12043306976556778},"rotation":{"x":-0.3159385621547699,"y":0.5890601873397827,"z":-0.26850849390029909,"w":-0.6937090754508972},"size":0.12910257279872895,"orthographic":false}